Feature,Shapiro-Wilk Statistic,p-value,Normal (α=0.05)
Amount,0.364058,1.95e-85,No
Time,0.939956,5.15e-41,No
V1,0.812107,2.05e-60,No
V2,0.685109,1.80e-70,No
V3,0.936787,8.33e-42,No
V4,0.969412,2.30e-31,No
V14,0.938202,1.86e-41,No
V17,0.854977,1.14e-55,No
