experiment_id,description,dropout,l2,batch_norm,pr_auc,f1_fraud
ABL-01,Baseline,0.0,0.0,False,0.9996199529852134,0.9884988121724047
ABL-04,+BatchNorm,0.0,0.0,True,0.999140193741019,0.9835166898208989
ABL-02,+Dropout,0.3,0.0,False,0.9984590181232724,0.9543598716827063
ABL-03,+L2,0.0,0.01,False,0.9967464555678864,0.9551406668378388
ABL-05,Combined,0.3,0.01,True,0.9871443074926205,0.90268735281895
