experiment_id,architecture,layers,pr_auc,roc_auc,f1_fraud,recall_fraud,precision_fraud
ARCH-06,wide_medium,[256],0.9965734304124427,0.999741986869037,0.9325730577334284,0.9979406605140722,0.8752424911365309
ARCH-08,balanced,"[256, 128, 64]",0.9962048535567973,0.9996244463744558,0.9306739929353838,0.9947372435359622,0.8743631000268168
ARCH-07,wide_large,[512],0.9953380883067695,0.9996720919629796,0.9306177578730361,0.9984745633437572,0.8713971909738402
ARCH-04,medium_deep,"[256, 128, 64, 32]",0.9947999078615407,0.9991535812347887,0.9574106879244169,0.9893219434063001,0.927493743296389
ARCH-05,deep,"[512, 256, 128, 64, 32, 16]",0.9939001625738115,0.9995044579089094,0.949625100094635,0.9949660590343986,0.9082364408549746
ARCH-03,medium_base,"[128, 64, 32]",0.9937954004651839,0.9996439089554962,0.9558430136685111,0.9947372435359622,0.9198758640146706
ARCH-01,shallow_tiny,[32],0.9931151450773796,0.9995197084866467,0.9184836123224082,0.9960338646937686,0.8521370309951061
ARCH-02,shallow_small,"[64, 32]",0.9918027851169315,0.999670197271898,0.9664643174415162,0.99572877736252,0.9388709097446961
