model,pr_auc,roc_auc,f1_fraud,precision_fraud,recall_fraud,accuracy
Logistic Regression,0.7570768448597718,0.9797202964477627,0.7173148948429847,0.5763692763553868,0.9495080466783616,0.9345866666666667
Random Forest,0.9999999709165863,0.9999999974926894,0.9998474330612557,1.0,0.9996949126687514,0.9999733333333334
