model,pr_auc,roc_auc,f1_fraud,precision_fraud,recall_fraud,accuracy
Logistic Regression,0.6300872677700332,0.9683900961951001,0.12464046021093,0.06707946336429309,0.8783783783783784,0.978628777416259
Random Forest,0.7986977462339373,0.9301159613901425,0.8031496062992126,0.9622641509433962,0.6891891891891891,0.9994148077058121
