experiment_id,description,dropout,l2,batch_norm,pr_auc,roc_auc,f1_fraud,recall_fraud,precision_fraud,vs_rf
REG-07,BatchNorm only,0.0,0.0,True,0.7802272869686588,0.9290663327289586,0.6288659793814433,0.8243243243243243,0.5083333333333333,-0.01847045926527846
REG-05,Light L2,0.0,0.001,False,0.7504521343997661,0.9517494022265753,0.43416370106761565,0.8243243243243243,0.2946859903381642,-0.0482456118341712
REG-01,Baseline,0.0,0.0,False,0.728131558962732,0.9340077468140403,0.5671641791044776,0.7702702702702703,0.44881889763779526,-0.07056618727120534
REG-02,Light dropout,0.2,0.0,False,0.7272814134071678,0.931752589929015,0.44866920152091255,0.7972972972972973,0.31216931216931215,-0.07141633282676951
REG-08,Combined optimal,0.3,0.01,True,0.6509582605307443,0.9679360228754089,0.31202046035805625,0.8243243243243243,0.19242902208201892,-0.14773948570319295
REG-04,Heavy dropout,0.4,0.0,False,0.631464572355022,0.9402930024544675,0.3973941368078176,0.8243243243243243,0.26180257510729615,-0.16723317387891534
REG-03,Medium dropout,0.3,0.0,False,0.6302920828743521,0.9364569859798129,0.37770897832817335,0.8243243243243243,0.24497991967871485,-0.16840566335958518
REG-06,Medium L2,0.0,0.01,False,0.6166840675131631,0.9680336185365848,0.25833333333333336,0.8378378378378378,0.15270935960591134,-0.18201367872077423
